Giocatore,Squadra,Ruolo,Disp,Avversario,Data,xG,xA,P_gol,P_ass,CS%,Titolare%,Fantavoto,FV_raw,Voto,EV,Rif,GolSq,GolOpp,Fonte,Res,P_V,P_N,P_S,KO,Trend,TrendTxt,Affidabilita,Eff90,SpiegaVoto,MFortuna,Nota
Hojlund,Napoli,A,True,vs Frosinone,11/10,0.44,0.11,36,11,,83,7.76,7.414,6.8,7.67,7.232,2.13,1.03,xG+quote,0.453,63,20,17,2026-10-11T13:00:00Z,→,"forma →: xGI/90 0.36 (ultime 5) vs 0.54 (30 prima), z -0.7",Alta,29.1,"Pallino (1-10): senza bonus ~4.1 · con un gol (36%) ~8.6 · con un assist (11%) ~5.6.
Voto giornalista + bonus: senza bonus ~6.0 · con un gol ~7.3 + 3 = 10.3 · con un assist ~6.7 + 1 = 7.7.
Fortuna di stagione: +0.15 → in linea con le sue occasioni.",0.147,
De Ketelaere,Atalanta,A,True,vs Venezia,11/10,0.27,0.37,23,31,,80,7.4,7.115,6.3,7.37,7.232,2.03,1.28,xG+quote,0.308,55,21,24,2026-10-11T13:00:00Z,↘,"forma ↘: xGI/90 0.27 (ultime 5) vs 0.64 (30 prima), z -1.4, minuti in aumento",Alta,23.9,"Pallino (1-10): senza bonus ~4.1 · con un gol (23%) ~8.6 · con un assist (31%) ~5.6.
Voto giornalista + bonus: senza bonus ~6.0 · con un gol ~7.3 + 3 = 10.3 · con un assist ~6.7 + 1 = 7.7.
Fortuna di stagione: -0.03 → in linea con le sue occasioni.",-0.032,
Conceicao,Juventus,C,True,@ Cagliari,11/10,0.26,0.13,23,13,,100,7.36,6.904,7.1,7.36,6.654,1.78,0.84,xG+quote,0.421,60,23,17,2026-10-11T13:00:00Z,→,"forma →: xGI/90 0.51 (ultime 5) vs 0.54 (30 prima), z -0.2",Alta,19.8,"Pallino (1-10): senza bonus ~5.0 · con un gol (23%) ~9.5 · con un assist (13%) ~6.5.
Voto giornalista + bonus: senza bonus ~6.0 · con un gol ~7.3 + 3 = 10.3 · con un assist ~6.7 + 1 = 7.7.
Fortuna di stagione: -0.12 → in linea con le sue occasioni.",-0.115,
Yildiz,Juventus,A,False,@ Cagliari,11/10,0.2,0.23,18,20,,11,7.13,6.795,5.8,7.22,7.232,1.78,0.84,xG+quote,0.421,60,23,17,2026-10-11T13:00:00Z,↘,"forma ↘: xGI/90 0.27 (ultime 5) vs 0.63 (30 prima), z -1.4",Alta,27.7,"Pallino (1-10): senza bonus ~4.1 · con un gol (18%) ~8.6 · con un assist (20%) ~5.6.
Voto giornalista + bonus: senza bonus ~6.0 · con un gol ~7.3 + 3 = 10.3 · con un assist ~6.7 + 1 = 7.7.
Fortuna di stagione: -0.09 (dato ancora poco affidabile: pochi minuti in stagione).",-0.094,
Pulisic,Milan,C,True,@ Sassuolo,11/10,0.25,0.17,22,16,,40,7.34,6.976,7.0,6.93,6.654,1.66,1.26,xG+quote,0.174,47,24,29,2026-10-11T13:00:00Z,↑,"forma ↑: xGI/90 1.12 (ultime 5) vs 0.75 (30 prima), z +2.0",Alta,17.5,"Pallino (1-10): senza bonus ~5.1 · con un gol (22%) ~9.6 · con un assist (16%) ~6.6.
Voto giornalista + bonus: senza bonus ~6.0 · con un gol ~7.3 + 3 = 10.3 · con un assist ~6.7 + 1 = 7.7.
Fortuna di stagione: +0.19 (dato ancora poco affidabile: pochi minuti in stagione).",0.19,
Stulic,Lecce,A,True,vs Bologna,11/10,0.17,0.05,16,5,,63,6.64,6.544,5.1,6.85,7.232,1.08,1.57,xG+quote,-0.223,26,25,49,2026-10-11T13:00:00Z,→,"forma →: xGI/90 0.46 (ultime 5) vs 0.45 (30 prima), z +0.0, minuti in aumento",Alta,15.0,"Pallino (1-10): senza bonus ~4.1 · con un gol (16%) ~8.6 · con un assist (5%) ~5.6.
Voto giornalista + bonus: senza bonus ~6.0 · con un gol ~7.3 + 3 = 10.3 · con un assist ~6.7 + 1 = 7.7.
Fortuna di stagione: -0.45 → sfortunato: le sue occasioni valgono più dei gol/assist reali, un motivo in più per non scartarlo su una brutta giornata.",-0.45,
Laurientè,Sassuolo,A,True,vs AC Milan,11/10,0.18,0.21,17,19,,100,6.8,6.691,5.4,6.8,7.232,1.26,1.66,xG+quote,-0.174,29,24,47,2026-10-11T13:00:00Z,→,"forma →: xGI/90 0.65 (ultime 5) vs 0.50 (30 prima), z +0.7",Alta,26.9,"Pallino (1-10): senza bonus ~4.0 · con un gol (17%) ~8.5 · con un assist (19%) ~5.5.
Voto giornalista + bonus: senza bonus ~6.0 · con un gol ~7.3 + 3 = 10.3 · con un assist ~6.7 + 1 = 7.7.
Fortuna di stagione: -0.52 → sfortunato: le sue occasioni valgono più dei gol/assist reali, un motivo in più per non scartarlo su una brutta giornata.",-0.519,
Lobotka,Napoli,C,True,vs Frosinone,11/10,0.05,0.08,5,7,,95,6.72,6.249,6.1,6.71,6.654,2.13,1.03,xG+quote,0.453,63,20,17,2026-10-11T13:00:00Z,↗,"forma ↗: xGI/90 0.17 (ultime 5) vs 0.06 (30 prima), z +0.9",Alta,23.6,"Pallino (1-10): senza bonus ~5.0 · con un gol (5%) ~9.5 · con un assist (7%) ~6.5.
Voto giornalista + bonus: senza bonus ~6.0 · con un gol ~7.3 + 3 = 10.3 · con un assist ~6.7 + 1 = 7.7.
Fortuna di stagione: +0.12 → in linea con le sue occasioni.",0.116,
Maldini,Cagliari,A,True,vs Juventus,11/10,0.2,0.07,18,6,,91,6.63,6.616,5.1,6.69,7.232,0.84,1.78,xG+quote,-0.421,17,23,60,2026-10-11T13:00:00Z,→,"forma →: xGI/90 0.63 (ultime 5) vs 0.44 (30 prima), z +0.7",Alta,17.9,"Pallino (1-10): senza bonus ~4.1 · con un gol (18%) ~8.6 · con un assist (6%) ~5.6.
Voto giornalista + bonus: senza bonus ~6.0 · con un gol ~7.3 + 3 = 10.3 · con un assist ~6.7 + 1 = 7.7.
Fortuna di stagione: -0.07 → in linea con le sue occasioni. Rigorista di questa stagione.",-0.074,
Orsolini,Bologna,C,False,@ Lecce,11/10,0.13,0.03,12,3,,27,6.77,6.391,6.2,6.69,6.654,1.57,1.08,xG+quote,0.223,49,25,26,2026-10-11T13:00:00Z,→,"forma →: xGI/90 0.62 (ultime 5) vs 0.55 (30 prima), z +0.4, minuti in calo",Alta,17.2,"Pallino (1-10): senza bonus ~5.0 · con un gol (12%) ~9.5.
Voto giornalista + bonus: senza bonus ~6.0 · con un gol ~7.3 + 3 = 10.3.
Fortuna di stagione: -0.02 (dato ancora poco affidabile: pochi minuti in stagione).",-0.023,
Alajbegovic,Juventus,C,True,@ Cagliari,11/10,0.07,0.04,7,4,,69,6.65,6.194,6.0,6.65,6.654,1.78,0.84,xG+quote,0.421,60,23,17,2026-10-11T13:00:00Z,,,Media,2.5,"Pallino (1-10): senza bonus ~4.9 · con un gol (7%) ~9.4 · con un assist (4%) ~6.4.
Voto giornalista + bonus: senza bonus ~6.0 · con un gol ~7.3 + 3 = 10.3 · con un assist ~6.7 + 1 = 7.7.
Fortuna di stagione: -0.10 (dato ancora poco affidabile: pochi minuti in stagione).",-0.099,
Liberali,Como,C,True,vs Roma,11/10,0.01,0.01,1,1,,12,6.34,6.037,5.5,6.62,6.654,1.52,1.49,xG+quote,0.014,39,24,37,2026-10-11T13:00:00Z,,,Bassa,0.9,"Pallino (1-10): senza bonus ~5.0.
Voto giornalista + bonus: senza bonus ~6.0.
Fortuna di stagione: non disponibile (pochissimi minuti giocati in stagione).",,affidabilità bassa
Cristante,Roma,C,True,@ Como,11/10,0.06,0.04,5,4,,100,6.56,6.265,5.9,6.56,6.654,1.49,1.52,xG+quote,-0.014,37,24,39,2026-10-11T13:00:00Z,→,"forma →: xGI/90 0.10 (ultime 5) vs 0.15 (30 prima), z -0.4",Alta,25.0,"Pallino (1-10): senza bonus ~5.1 · con un gol (5%) ~9.6 · con un assist (4%) ~6.6.
Voto giornalista + bonus: senza bonus ~6.0 · con un gol ~7.3 + 3 = 10.3 · con un assist ~6.7 + 1 = 7.7.
Fortuna di stagione: -0.12 → in linea con le sue occasioni.",-0.125,
Ramon,Como,D,True,vs Roma,11/10,0.14,0.04,13,4,22.0,100,6.51,6.544,6.4,6.51,6.255,1.52,1.49,xG+quote,0.014,39,24,37,2026-10-11T13:00:00Z,↑,"forma ↑: xGI/90 0.39 (ultime 5) vs 0.22 (30 prima), z +1.5",Alta,26.8,"Pallino (1-10): senza bonus ~5.7 · con un gol (13%) ~10.0 · con un assist (4%) ~7.2.
Voto giornalista + bonus: senza bonus ~6.0 · con un gol ~7.3 + 3 = 10.3 · con un assist ~6.7 + 1 = 7.7.
Fortuna di stagione: -0.16 → sfortunato: le sue occasioni valgono più dei gol/assist reali, un motivo in più per non scartarlo su una brutta giornata.",-0.16,
Bernabè,Parma,C,True,@ Inter,11/10,0.04,0.06,4,6,,33,6.14,6.12,5.2,6.48,6.654,0.73,2.9,xG+quote,-0.749,7,12,81,2026-10-11T13:00:00Z,↓,"forma ↓: xGI/90 0.03 (ultime 5) vs 0.27 (30 prima), z -1.6",Alta,21.9,"Pallino (1-10): senza bonus ~4.9 · con un gol (4%) ~9.4 · con un assist (6%) ~6.4.
Voto giornalista + bonus: senza bonus ~6.0 · con un gol ~7.3 + 3 = 10.3 · con un assist ~6.7 + 1 = 7.7.
Fortuna di stagione: -0.02 (dato ancora poco affidabile: pochi minuti in stagione).",-0.016,
Miranda J.,Bologna,D,True,@ Lecce,11/10,0.03,0.19,3,17,34.0,76,6.48,6.437,6.3,6.43,6.255,1.57,1.08,xG+quote,0.223,49,25,26,2026-10-11T13:00:00Z,→,"forma →: xGI/90 0.25 (ultime 5) vs 0.18 (30 prima), z +0.6",Alta,29.0,"Pallino (1-10): senza bonus ~5.9 · con un assist (17%) ~7.4.
Voto giornalista + bonus: senza bonus ~6.0 · con un assist ~6.7 + 1 = 7.7.
Fortuna di stagione: -0.02 → in linea con le sue occasioni.",-0.021,
Lucumì,Juventus,D,True,@ Cagliari,11/10,0.04,0.03,4,3,43.0,67,6.39,6.275,6.2,6.35,6.255,1.78,0.84,xG+quote,0.421,60,23,17,2026-10-11T13:00:00Z,→,"forma →: xGI/90 0.00 (ultime 5) vs 0.09 (30 prima), z -0.7",Alta,28.8,"Pallino (1-10): senza bonus ~5.8 · con un gol (4%) ~10.0.
Voto giornalista + bonus: senza bonus ~6.0 · con un gol ~7.3 + 3 = 10.3.
Fortuna di stagione: -0.00 → in linea con le sue occasioni.",-0.002,
Wesley,Roma,D,True,@ Como,11/10,0.05,0.13,5,12,22.0,70,6.29,6.331,6.1,6.28,6.255,1.49,1.52,xG+quote,-0.014,37,24,39,2026-10-11T13:00:00Z,↗,"forma ↗: xGI/90 0.41 (ultime 5) vs 0.29 (30 prima), z +1.0",Alta,23.1,"Pallino (1-10): senza bonus ~5.7 · con un gol (5%) ~10.0 · con un assist (12%) ~7.2.
Voto giornalista + bonus: senza bonus ~6.0 · con un gol ~7.3 + 3 = 10.3 · con un assist ~6.7 + 1 = 7.7.
Fortuna di stagione: -0.12 → in linea con le sue occasioni.",-0.116,
Mancini,Roma,D,True,@ Como,11/10,0.06,0.07,6,7,22.0,100,6.27,6.314,6.0,6.27,6.255,1.49,1.52,xG+quote,-0.014,37,24,39,2026-10-11T13:00:00Z,↑,"forma ↑: xGI/90 0.64 (ultime 5) vs 0.17 (30 prima), z +4.1",Alta,30.5,"Pallino (1-10): senza bonus ~5.7 · con un gol (6%) ~10.0 · con un assist (7%) ~7.2.
Voto giornalista + bonus: senza bonus ~6.0 · con un gol ~7.3 + 3 = 10.3 · con un assist ~6.7 + 1 = 7.7.
Fortuna di stagione: -0.26 → sfortunato: le sue occasioni valgono più dei gol/assist reali, un motivo in più per non scartarlo su una brutta giornata.",-0.263,
Badiashile,Napoli,D,True,vs Frosinone,11/10,0.0,0.01,0,1,36.0,10,6.39,6.264,6.2,6.27,6.255,2.13,1.03,xG+quote,0.453,63,20,17,2026-10-11T13:00:00Z,↘,"forma ↘: xGI/90 0.00 (ultime 5) vs 0.11 (30 prima), z -0.9, minuti in calo",Alta,25.3,"Pallino (1-10): senza bonus ~6.0.
Voto giornalista + bonus: senza bonus ~6.0.
Fortuna di stagione: non disponibile (pochissimi minuti giocati in stagione).",,
Gabbia,Milan,D,True,@ Sassuolo,11/10,0.02,0.0,2,0,28.0,19,6.27,6.242,6.0,6.26,6.255,1.66,1.26,xG+quote,0.174,47,24,29,2026-10-11T13:00:00Z,→,"forma →: xGI/90 0.03 (ultime 5) vs 0.07 (30 prima), z -0.3, minuti in calo",Alta,28.4,"Pallino (1-10): senza bonus ~5.9.
Voto giornalista + bonus: senza bonus ~6.0.
Fortuna di stagione: non disponibile (pochissimi minuti giocati in stagione).",,
Diego Carlos,Parma,D,True,@ Inter,11/10,0.06,0.01,5,1,6.0,56,5.79,6.11,5.3,6.0,6.255,0.73,2.9,xG+quote,-0.749,7,12,81,2026-10-11T13:00:00Z,→,"forma →: xGI/90 0.02 (ultime 5) vs 0.08 (30 prima), z -0.5",Alta,26.0,"Pallino (1-10): senza bonus ~5.5 · con un gol (5%) ~10.0.
Voto giornalista + bonus: senza bonus ~6.0 · con un gol ~7.3 + 3 = 10.3.
Fortuna di stagione: -0.02 (dato ancora poco affidabile: pochi minuti in stagione).",-0.02,
Maignan,Milan,P,True,@ Sassuolo,11/10,0.0,0.0,0,0,28.0,100,4.99,4.835,6.4,4.99,4.689,1.66,1.26,xG+quote,0.174,47,24,29,2026-10-11T13:00:00Z,,,Alta,14.4,"Pallino (1-10): senza bonus ~6.2.
Voto giornalista + bonus: senza bonus ~6.0.
Fortuna di stagione: non calcolata per i portieri.",,
Torriani,Milan,P,True,@ Sassuolo,11/10,0.0,0.0,0,0,28.0,0,5.02,4.863,6.5,4.69,4.689,1.66,1.26,xG+quote,0.174,47,24,29,2026-10-11T13:00:00Z,,,Bassa,0.0,"Pallino (1-10): senza bonus ~6.3.
Voto giornalista + bonus: senza bonus ~6.0.
Fortuna di stagione: non calcolata per i portieri.",,nessun dato Understat: usa lo slider
Falcone,Lecce,P,True,vs Bologna,11/10,0.0,0.0,0,0,21.0,100,4.51,4.503,5.7,4.51,4.689,1.08,1.57,xG+quote,-0.223,26,25,49,2026-10-11T13:00:00Z,,,Alta,14.5,"Pallino (1-10): senza bonus ~5.7.
Voto giornalista + bonus: senza bonus ~6.0.
Fortuna di stagione: non calcolata per i portieri.",,
